[
  {
    "model": "admin.logentry",
    "pk": 1,
    "fields": {
      "action_time": "2023-07-16T20:55:00.588Z",
      "user": 1,
      "content_type": 6,
      "object_id": "1",
      "object_repr": "name: Новинки, description: ",
      "action_flag": 1,
      "change_message": "[{\"added\": {}}]"
    }
  },
  {
    "model": "admin.logentry",
    "pk": 2,
    "fields": {
      "action_time": "2023-07-16T20:55:07.049Z",
      "user": 1,
      "content_type": 6,
      "object_id": "2",
      "object_repr": "name: Одежда, description: ",
      "action_flag": 1,
      "change_message": "[{\"added\": {}}]"
    }
  },
  {
    "model": "admin.logentry",
    "pk": 3,
    "fields": {
      "action_time": "2023-07-16T20:55:10.676Z",
      "user": 1,
      "content_type": 6,
      "object_id": "3",
      "object_repr": "name: Обувь, description: ",
      "action_flag": 1,
      "change_message": "[{\"added\": {}}]"
    }
  },
  {
    "model": "admin.logentry",
    "pk": 4,
    "fields": {
      "action_time": "2023-07-16T20:55:22.998Z",
      "user": 1,
      "content_type": 6,
      "object_id": "4",
      "object_repr": "name: Акссесуары, description: ",
      "action_flag": 1,
      "change_message": "[{\"added\": {}}]"
    }
  },
  {
    "model": "admin.logentry",
    "pk": 5,
    "fields": {
      "action_time": "2023-07-16T20:55:28.793Z",
      "user": 1,
      "content_type": 6,
      "object_id": "5",
      "object_repr": "name: Подарки, description: ",
      "action_flag": 1,
      "change_message": "[{\"added\": {}}]"
    }
  },
  {
    "model": "admin.logentry",
    "pk": 6,
    "fields": {
      "action_time": "2023-07-16T20:55:38.013Z",
      "user": 1,
      "content_type": 6,
      "object_id": "4",
      "object_repr": "name: Аксессуары, description: ",
      "action_flag": 2,
      "change_message": "[{\"changed\": {\"fields\": [\"Name\"]}}]"
    }
  },
  {
    "model": "admin.logentry",
    "pk": 7,
    "fields": {
      "action_time": "2023-07-16T20:57:18.081Z",
      "user": 1,
      "content_type": 7,
      "object_id": "1",
      "object_repr": "name: Худи черного цвета с монограммами adidas Originals, image: products_images/Adidas_hoodie.png",
      "action_flag": 1,
      "change_message": "[{\"added\": {}}]"
    }
  },
  {
    "model": "admin.logentry",
    "pk": 8,
    "fields": {
      "action_time": "2023-07-16T20:57:50.788Z",
      "user": 1,
      "content_type": 7,
      "object_id": "2",
      "object_repr": "name: Синяя куртка The North Face, image: products_images/Blue_jacket_The_North_Face.png",
      "action_flag": 1,
      "change_message": "[{\"added\": {}}]"
    }
  },
  {
    "model": "admin.logentry",
    "pk": 9,
    "fields": {
      "action_time": "2023-07-16T20:58:29.377Z",
      "user": 1,
      "content_type": 7,
      "object_id": "3",
      "object_repr": "name: Коричневый спортивный oversized-топ ASOS DESIGN, image: ",
      "action_flag": 1,
      "change_message": "[{\"added\": {}}]"
    }
  },
  {
    "model": "admin.logentry",
    "pk": 10,
    "fields": {
      "action_time": "2023-07-16T20:59:01.762Z",
      "user": 1,
      "content_type": 7,
      "object_id": "4",
      "object_repr": "name: Черный рюкзак Nike Heritage, image: products_images/Black_Nike_Heritage_backpack.png",
      "action_flag": 1,
      "change_message": "[{\"added\": {}}]"
    }
  },
  {
    "model": "admin.logentry",
    "pk": 11,
    "fields": {
      "action_time": "2023-07-16T20:59:36.289Z",
      "user": 1,
      "content_type": 7,
      "object_id": "5",
      "object_repr": "name: Черные туфли на платформе с 3 парами люверсов Dr Martens 1461 Bex, image: products_images/Black_Dr_Martens_shoes.png",
      "action_flag": 1,
      "change_message": "[{\"added\": {}}]"
    }
  },
  {
    "model": "admin.logentry",
    "pk": 12,
    "fields": {
      "action_time": "2023-07-16T21:00:10.027Z",
      "user": 1,
      "content_type": 7,
      "object_id": "6",
      "object_repr": "name: Темно-синие широкие строгие брюки ASOS DESIGN, image: products_images/Dark_blue_wide-leg_ASOs_DESIGN_trousers.png",
      "action_flag": 1,
      "change_message": "[{\"added\": {}}]"
    }
  },
  {
    "model": "admin.logentry",
    "pk": 13,
    "fields": {
      "action_time": "2023-07-16T21:00:31.098Z",
      "user": 1,
      "content_type": 7,
      "object_id": "3",
      "object_repr": "name: Коричневый спортивный oversized-топ ASOS DESIGN, image: products_images/Brown_sports_oversized-top_ASOS_DESIGN.png",
      "action_flag": 2,
      "change_message": "[{\"changed\": {\"fields\": [\"Image\"]}}]"
    }
  },
  {
    "model": "auth.permission",
    "pk": 1,
    "fields": {
      "name": "Can add log entry",
      "content_type": 1,
      "codename": "add_logentry"
    }
  },
  {
    "model": "auth.permission",
    "pk": 2,
    "fields": {
      "name": "Can change log entry",
      "content_type": 1,
      "codename": "change_logentry"
    }
  },
  {
    "model": "auth.permission",
    "pk": 3,
    "fields": {
      "name": "Can delete log entry",
      "content_type": 1,
      "codename": "delete_logentry"
    }
  },
  {
    "model": "auth.permission",
    "pk": 4,
    "fields": {
      "name": "Can view log entry",
      "content_type": 1,
      "codename": "view_logentry"
    }
  },
  {
    "model": "auth.permission",
    "pk": 5,
    "fields": {
      "name": "Can add permission",
      "content_type": 2,
      "codename": "add_permission"
    }
  },
  {
    "model": "auth.permission",
    "pk": 6,
    "fields": {
      "name": "Can change permission",
      "content_type": 2,
      "codename": "change_permission"
    }
  },
  {
    "model": "auth.permission",
    "pk": 7,
    "fields": {
      "name": "Can delete permission",
      "content_type": 2,
      "codename": "delete_permission"
    }
  },
  {
    "model": "auth.permission",
    "pk": 8,
    "fields": {
      "name": "Can view permission",
      "content_type": 2,
      "codename": "view_permission"
    }
  },
  {
    "model": "auth.permission",
    "pk": 9,
    "fields": {
      "name": "Can add group",
      "content_type": 3,
      "codename": "add_group"
    }
  },
  {
    "model": "auth.permission",
    "pk": 10,
    "fields": {
      "name": "Can change group",
      "content_type": 3,
      "codename": "change_group"
    }
  },
  {
    "model": "auth.permission",
    "pk": 11,
    "fields": {
      "name": "Can delete group",
      "content_type": 3,
      "codename": "delete_group"
    }
  },
  {
    "model": "auth.permission",
    "pk": 12,
    "fields": {
      "name": "Can view group",
      "content_type": 3,
      "codename": "view_group"
    }
  },
  {
    "model": "auth.permission",
    "pk": 13,
    "fields": {
      "name": "Can add content type",
      "content_type": 4,
      "codename": "add_contenttype"
    }
  },
  {
    "model": "auth.permission",
    "pk": 14,
    "fields": {
      "name": "Can change content type",
      "content_type": 4,
      "codename": "change_contenttype"
    }
  },
  {
    "model": "auth.permission",
    "pk": 15,
    "fields": {
      "name": "Can delete content type",
      "content_type": 4,
      "codename": "delete_contenttype"
    }
  },
  {
    "model": "auth.permission",
    "pk": 16,
    "fields": {
      "name": "Can view content type",
      "content_type": 4,
      "codename": "view_contenttype"
    }
  },
  {
    "model": "auth.permission",
    "pk": 17,
    "fields": {
      "name": "Can add session",
      "content_type": 5,
      "codename": "add_session"
    }
  },
  {
    "model": "auth.permission",
    "pk": 18,
    "fields": {
      "name": "Can change session",
      "content_type": 5,
      "codename": "change_session"
    }
  },
  {
    "model": "auth.permission",
    "pk": 19,
    "fields": {
      "name": "Can delete session",
      "content_type": 5,
      "codename": "delete_session"
    }
  },
  {
    "model": "auth.permission",
    "pk": 20,
    "fields": {
      "name": "Can view session",
      "content_type": 5,
      "codename": "view_session"
    }
  },
  {
    "model": "auth.permission",
    "pk": 21,
    "fields": {
      "name": "Can add product category",
      "content_type": 6,
      "codename": "add_productcategory"
    }
  },
  {
    "model": "auth.permission",
    "pk": 22,
    "fields": {
      "name": "Can change product category",
      "content_type": 6,
      "codename": "change_productcategory"
    }
  },
  {
    "model": "auth.permission",
    "pk": 23,
    "fields": {
      "name": "Can delete product category",
      "content_type": 6,
      "codename": "delete_productcategory"
    }
  },
  {
    "model": "auth.permission",
    "pk": 24,
    "fields": {
      "name": "Can view product category",
      "content_type": 6,
      "codename": "view_productcategory"
    }
  },
  {
    "model": "auth.permission",
    "pk": 25,
    "fields": {
      "name": "Can add product",
      "content_type": 7,
      "codename": "add_product"
    }
  },
  {
    "model": "auth.permission",
    "pk": 26,
    "fields": {
      "name": "Can change product",
      "content_type": 7,
      "codename": "change_product"
    }
  },
  {
    "model": "auth.permission",
    "pk": 27,
    "fields": {
      "name": "Can delete product",
      "content_type": 7,
      "codename": "delete_product"
    }
  },
  {
    "model": "auth.permission",
    "pk": 28,
    "fields": {
      "name": "Can view product",
      "content_type": 7,
      "codename": "view_product"
    }
  },
  {
    "model": "auth.permission",
    "pk": 29,
    "fields": {
      "name": "Can add user",
      "content_type": 8,
      "codename": "add_user"
    }
  },
  {
    "model": "auth.permission",
    "pk": 30,
    "fields": {
      "name": "Can change user",
      "content_type": 8,
      "codename": "change_user"
    }
  },
  {
    "model": "auth.permission",
    "pk": 31,
    "fields": {
      "name": "Can delete user",
      "content_type": 8,
      "codename": "delete_user"
    }
  },
  {
    "model": "auth.permission",
    "pk": 32,
    "fields": {
      "name": "Can view user",
      "content_type": 8,
      "codename": "view_user"
    }
  },
  {
    "model": "auth.permission",
    "pk": 33,
    "fields": {
      "name": "Can add basket",
      "content_type": 9,
      "codename": "add_basket"
    }
  },
  {
    "model": "auth.permission",
    "pk": 34,
    "fields": {
      "name": "Can change basket",
      "content_type": 9,
      "codename": "change_basket"
    }
  },
  {
    "model": "auth.permission",
    "pk": 35,
    "fields": {
      "name": "Can delete basket",
      "content_type": 9,
      "codename": "delete_basket"
    }
  },
  {
    "model": "auth.permission",
    "pk": 36,
    "fields": {
      "name": "Can view basket",
      "content_type": 9,
      "codename": "view_basket"
    }
  },
  {
    "model": "auth.permission",
    "pk": 37,
    "fields": {
      "name": "Can add association",
      "content_type": 10,
      "codename": "add_association"
    }
  },
  {
    "model": "auth.permission",
    "pk": 38,
    "fields": {
      "name": "Can change association",
      "content_type": 10,
      "codename": "change_association"
    }
  },
  {
    "model": "auth.permission",
    "pk": 39,
    "fields": {
      "name": "Can delete association",
      "content_type": 10,
      "codename": "delete_association"
    }
  },
  {
    "model": "auth.permission",
    "pk": 40,
    "fields": {
      "name": "Can view association",
      "content_type": 10,
      "codename": "view_association"
    }
  },
  {
    "model": "auth.permission",
    "pk": 41,
    "fields": {
      "name": "Can add code",
      "content_type": 11,
      "codename": "add_code"
    }
  },
  {
    "model": "auth.permission",
    "pk": 42,
    "fields": {
      "name": "Can change code",
      "content_type": 11,
      "codename": "change_code"
    }
  },
  {
    "model": "auth.permission",
    "pk": 43,
    "fields": {
      "name": "Can delete code",
      "content_type": 11,
      "codename": "delete_code"
    }
  },
  {
    "model": "auth.permission",
    "pk": 44,
    "fields": {
      "name": "Can view code",
      "content_type": 11,
      "codename": "view_code"
    }
  },
  {
    "model": "auth.permission",
    "pk": 45,
    "fields": {
      "name": "Can add nonce",
      "content_type": 12,
      "codename": "add_nonce"
    }
  },
  {
    "model": "auth.permission",
    "pk": 46,
    "fields": {
      "name": "Can change nonce",
      "content_type": 12,
      "codename": "change_nonce"
    }
  },
  {
    "model": "auth.permission",
    "pk": 47,
    "fields": {
      "name": "Can delete nonce",
      "content_type": 12,
      "codename": "delete_nonce"
    }
  },
  {
    "model": "auth.permission",
    "pk": 48,
    "fields": {
      "name": "Can view nonce",
      "content_type": 12,
      "codename": "view_nonce"
    }
  },
  {
    "model": "auth.permission",
    "pk": 49,
    "fields": {
      "name": "Can add user social auth",
      "content_type": 13,
      "codename": "add_usersocialauth"
    }
  },
  {
    "model": "auth.permission",
    "pk": 50,
    "fields": {
      "name": "Can change user social auth",
      "content_type": 13,
      "codename": "change_usersocialauth"
    }
  },
  {
    "model": "auth.permission",
    "pk": 51,
    "fields": {
      "name": "Can delete user social auth",
      "content_type": 13,
      "codename": "delete_usersocialauth"
    }
  },
  {
    "model": "auth.permission",
    "pk": 52,
    "fields": {
      "name": "Can view user social auth",
      "content_type": 13,
      "codename": "view_usersocialauth"
    }
  },
  {
    "model": "auth.permission",
    "pk": 53,
    "fields": {
      "name": "Can add partial",
      "content_type": 14,
      "codename": "add_partial"
    }
  },
  {
    "model": "auth.permission",
    "pk": 54,
    "fields": {
      "name": "Can change partial",
      "content_type": 14,
      "codename": "change_partial"
    }
  },
  {
    "model": "auth.permission",
    "pk": 55,
    "fields": {
      "name": "Can delete partial",
      "content_type": 14,
      "codename": "delete_partial"
    }
  },
  {
    "model": "auth.permission",
    "pk": 56,
    "fields": {
      "name": "Can view partial",
      "content_type": 14,
      "codename": "view_partial"
    }
  },
  {
    "model": "auth.permission",
    "pk": 57,
    "fields": {
      "name": "Can add shop user profile",
      "content_type": 15,
      "codename": "add_shopuserprofile"
    }
  },
  {
    "model": "auth.permission",
    "pk": 58,
    "fields": {
      "name": "Can change shop user profile",
      "content_type": 15,
      "codename": "change_shopuserprofile"
    }
  },
  {
    "model": "auth.permission",
    "pk": 59,
    "fields": {
      "name": "Can delete shop user profile",
      "content_type": 15,
      "codename": "delete_shopuserprofile"
    }
  },
  {
    "model": "auth.permission",
    "pk": 60,
    "fields": {
      "name": "Can view shop user profile",
      "content_type": 15,
      "codename": "view_shopuserprofile"
    }
  },
  {
    "model": "auth.permission",
    "pk": 61,
    "fields": {
      "name": "Can add order item",
      "content_type": 16,
      "codename": "add_orderitem"
    }
  },
  {
    "model": "auth.permission",
    "pk": 62,
    "fields": {
      "name": "Can change order item",
      "content_type": 16,
      "codename": "change_orderitem"
    }
  },
  {
    "model": "auth.permission",
    "pk": 63,
    "fields": {
      "name": "Can delete order item",
      "content_type": 16,
      "codename": "delete_orderitem"
    }
  },
  {
    "model": "auth.permission",
    "pk": 64,
    "fields": {
      "name": "Can view order item",
      "content_type": 16,
      "codename": "view_orderitem"
    }
  },
  {
    "model": "auth.permission",
    "pk": 65,
    "fields": {
      "name": "Can add заказ",
      "content_type": 17,
      "codename": "add_order"
    }
  },
  {
    "model": "auth.permission",
    "pk": 66,
    "fields": {
      "name": "Can change заказ",
      "content_type": 17,
      "codename": "change_order"
    }
  },
  {
    "model": "auth.permission",
    "pk": 67,
    "fields": {
      "name": "Can delete заказ",
      "content_type": 17,
      "codename": "delete_order"
    }
  },
  {
    "model": "auth.permission",
    "pk": 68,
    "fields": {
      "name": "Can view заказ",
      "content_type": 17,
      "codename": "view_order"
    }
  },
  {
    "model": "sessions.session",
    "pk": "9rfz6ze1bgxq71dd901q24k8y2q71pe5",
    "fields": {
      "session_data": "eyJuZXh0IjoiLyIsInZrLW9hdXRoMl9zdGF0ZSI6Inl3NjJPMnQzRXBSRHlyWkRyVjNmYmh2MVI2UkdnYnpaIn0:1qnkOg:lMa3hMR-Xfpmwo_LZsFnWQbVhzYrjEEUcVihjH2OXm8",
      "expire_date": "2023-10-17T18:45:30.650Z"
    }
  },
  {
    "model": "sessions.session",
    "pk": "9yyxjc3hh7lklp79ff5u3kfi5ysse71v",
    "fields": {
      "session_data": ".eJxVjDsOwjAUBO_iGlnG8e9R0ucM1trPxgGUSPlUiLtDpBTQ7szsS0Rsa4vbUuY4sLgILU6_W0J-lHEHfMd4m2SexnUektwVedBF9hOX5_Vw_w4alvatFSzDa0-qpo667AI5ChrE52oCiiEHqzqLALKUlUbVhg2r5AOyZfH-ANIDN7E:1qs5Cw:MN8G-ikf2tj30cRG8_P3_uVZiYh8dDdBvfir4lhNgB0",
      "expire_date": "2023-10-29T17:47:18.589Z"
    }
  },
  {
    "model": "sessions.session",
    "pk": "kfmsw5rxevbv79nqo15vlz7ueq05dsel",
    "fields": {
      "session_data": ".eJxVjMsOwiAQRf-FtSE8hDIu3fcbyAAzUjU0Ke3K-O_apAvd3nPOfYmI21rj1mmJUxEXYaw4_Y4J84PaTsod222WeW7rMiW5K_KgXY5zoef1cP8OKvb6rb3SRGyRk4VgvUEgZNBg6ByUCg5sUcoyexwyJ_RsXOBQiqYBXGYW7w8QNziw:1qlaxS:Eyx_VTMx4JVfNG4_dZgvmA388iW_DE2nHFTfB8Vyb2c",
      "expire_date": "2023-10-11T20:16:30.358Z"
    }
  },
  {
    "model": "sessions.session",
    "pk": "kuus54afrrp1sgl9qcv0wymdbs8yxqlk",
    "fields": {
      "session_data": ".eJxVj8FuwjAQRP_F55KaxN4k3OAIhxxCW3Gy7GUhkaNYxCYqoP57HYQQXFarWb2Z2Rvr6TewBftkH2y0M6fPoUmVDzpQVKthKU4_o9xeVxdh692pORb514XsWK93qSsipCZCnT0Nqt1HJIV30Wi01E8X77DVnUI3UPJQfTLa5HtTLafUd67RvomQEbCXJSAhGAKSucFM00EQInAos2wusTSQmdxIXs7jFHEHTpwXaWEomj5y79ad9kF17tj2L8Wef7O_fw_wWcA:1qnm4W:l2iHXH2XGSUNtz36VPDoa0iVePtsjTfBFUCrFr8ZB8c",
      "expire_date": "2023-10-17T20:32:48.873Z"
    }
  },
  {
    "model": "sessions.session",
    "pk": "pc7w9n36lr02n7fmhk6aatt515gotavl",
    "fields": {
      "session_data": ".eJxVjDsOwjAUBO_iGlnG8e9R0ucM1trPxgGUSPlUiLtDpBTQ7szsS0Rsa4vbUuY4sLgILU6_W0J-lHEHfMd4m2SexnUektwVedBF9hOX5_Vw_w4alvatFSzDa0-qpo667AI5ChrE52oCiiEHqzqLALKUlUbVhg2r5AOyZfH-ANIDN7E:1qLpH4:HACthMDgtRMj5zolVahQDXic1qyyfZP78JOJsqS1S_U",
      "expire_date": "2023-08-01T18:18:14.559Z"
    }
  },
  {
    "model": "sessions.session",
    "pk": "quqb25rv6374akd9nd1stg636tac1nym",
    "fields": {
      "session_data": ".eJxVjDsOwjAQBe_iGln-BceU9DmDtfbu4gCypTipEHeHSCmgfTPzXiLCtpa4dVrijOIitDj9bgnyg-oO8A711mRudV3mJHdFHrTLqSE9r4f7d1Cgl29NNI6sLBidGZk5GfTGEVgI2ijPw5CJiZyDAOeUgjIZEY1HtiEoa8X7Ax27OSI:1qM9wf:iTV_zSI_4v3JKNGW5YKXAnOTEL-XDg6-snzgJM9Novk",
      "expire_date": "2023-08-02T16:22:33.390Z"
    }
  },
  {
    "model": "sessions.session",
    "pk": "ua23rpczi7jvhkgzqcwb63qq3ehumqq3",
    "fields": {
      "session_data": ".eJxVjDsOwjAUBO_iGlnG8e9R0ucM1trPxgGUSPlUiLtDpBTQ7szsS0Rsa4vbUuY4sLgILU6_W0J-lHEHfMd4m2SexnUektwVedBF9hOX5_Vw_w4alvatFSzDa0-qpo667AI5ChrE52oCiiEHqzqLALKUlUbVhg2r5AOyZfH-ANIDN7E:1qLpx9:NLUxqMhr8x4_tYgEe8tTaN32YhFplqiQHaem8jplKzY",
      "expire_date": "2023-08-01T19:01:43.182Z"
    }
  },
  {
    "model": "mainapp.productcategory",
    "pk": 1,
    "fields": {
      "name": "Новинки",
      "description": ""
    }
  },
  {
    "model": "mainapp.productcategory",
    "pk": 2,
    "fields": {
      "name": "Одежда",
      "description": ""
    }
  },
  {
    "model": "mainapp.productcategory",
    "pk": 3,
    "fields": {
      "name": "Обувь",
      "description": ""
    }
  },
  {
    "model": "mainapp.productcategory",
    "pk": 4,
    "fields": {
      "name": "Аксессуары",
      "description": ""
    }
  },
  {
    "model": "mainapp.productcategory",
    "pk": 5,
    "fields": {
      "name": "Подарки",
      "description": ""
    }
  },
  {
    "model": "mainapp.product",
    "pk": 1,
    "fields": {
      "name": "Худи черного цвета с монограммами adidas Originals",
      "image": "products_images/Adidas_hoodie.png",
      "description": "",
      "short_description": "Мягкая ткань для свитшотов. Стиль и комфорт – это образ жизни.",
      "price": "6090.00",
      "quantity": 1000,
      "category": 2
    }
  },
  {
    "model": "mainapp.product",
    "pk": 2,
    "fields": {
      "name": "Синяя куртка The North Face",
      "image": "products_images/Blue_jacket_The_North_Face.png",
      "description": "",
      "short_description": "Гладкая ткань. Водонепроницаемое покрытие. Легкий и теплый пухов",
      "price": "23725.00",
      "quantity": 999,
      "category": 2
    }
  },
  {
    "model": "mainapp.product",
    "pk": 3,
    "fields": {
      "name": "Коричневый спортивный oversized-топ ASOS DESIGN",
      "image": "products_images/Brown_sports_oversized-top_ASOS_DESIGN.png",
      "description": "",
      "short_description": "Материал с плюшевой текстурой. Удобный и мягкий.",
      "price": "3390.00",
      "quantity": 1000,
      "category": 2
    }
  },
  {
    "model": "mainapp.product",
    "pk": 4,
    "fields": {
      "name": "Черный рюкзак Nike Heritage",
      "image": "products_images/Black_Nike_Heritage_backpack.png",
      "description": "",
      "short_description": "Плотная ткань. Легкий материал.",
      "price": "2340.00",
      "quantity": 1000,
      "category": 4
    }
  },
  {
    "model": "mainapp.product",
    "pk": 5,
    "fields": {
      "name": "Черные туфли на платформе с 3 парами люверсов Dr Martens 1461 Bex",
      "image": "products_images/Black_Dr_Martens_shoes.png",
      "description": "Гладкий кожаный верх. Натуральный материал.",
      "short_description": "Гладкий кожаный верх. Натуральный материал.",
      "price": "13590.00",
      "quantity": 1000,
      "category": 3
    }
  },
  {
    "model": "mainapp.product",
    "pk": 6,
    "fields": {
      "name": "Темно-синие широкие строгие брюки ASOS DESIGN",
      "image": "products_images/Dark_blue_wide-leg_ASOs_DESIGN_trousers.png",
      "description": "Легкая эластичная ткань сирсакер Фактурная ткань.",
      "short_description": "Легкая эластичная ткань сирсакер Фактурная ткань.",
      "price": "2890.99",
      "quantity": 1000,
      "category": 2
    }
  },
  {
    "model": "authapp.user",
    "pk": 1,
    "fields": {
      "password": "pbkdf2_sha256$600000$mifGicbaVn8VmBAoRpT9az$BjLTdOiaKmk7qpebleIYRvbvbe0uEMig4ONbPjzrdEk=",
      "last_login": "2023-07-19T16:22:33.388Z",
      "is_superuser": true,
      "username": "admin",
      "first_name": "",
      "last_name": "",
      "email": "",
      "is_staff": true,
      "is_active": true,
      "date_joined": "2023-07-15T15:23:48.566Z",
      "avatar": "",
      "age": null,
      "activation_key": null,
      "activation_key_expires": "2023-09-29T18:47:03.354Z",
      "groups": [],
      "user_permissions": []
    }
  },
  {
    "model": "authapp.user",
    "pk": 2,
    "fields": {
      "password": "pbkdf2_sha256$600000$0wGQyoA1TAY22JdYs7bnGE$/CNRHJS6SEyqOaJ+NGirL5jiPCzh771YZVUhQQ5wrVw=",
      "last_login": "2023-10-15T17:47:18.585Z",
      "is_superuser": true,
      "username": "cnwv",
      "first_name": "Maxim",
      "last_name": "Kavka",
      "email": "bezonmaxs@gmail.com",
      "is_staff": false,
      "is_active": true,
      "date_joined": "2023-07-16T19:59:08.782Z",
      "avatar": "users_avatar/Dark_blue_wide-leg_ASOs_DESIGN_trousers.png",
      "age": null,
      "activation_key": null,
      "activation_key_expires": "2023-09-29T18:47:03.354Z",
      "groups": [],
      "user_permissions": []
    }
  },
  {
    "model": "authapp.user",
    "pk": 4,
    "fields": {
      "password": "pbkdf2_sha256$600000$QssqOPSZe64TmbNkJWfnD0$J4OA72ct/sXOZsXckuF9I+jSeLG5nOlHHxNgywJOTLA=",
      "last_login": null,
      "is_superuser": false,
      "username": "nasdnsadn",
      "first_name": "BDbbs",
      "last_name": "dfsbfdbsbds",
      "email": "snndasnads@gaai.com",
      "is_staff": false,
      "is_active": true,
      "date_joined": "2023-07-18T15:07:13.779Z",
      "avatar": "",
      "age": null,
      "activation_key": null,
      "activation_key_expires": "2023-09-29T18:47:03.354Z",
      "groups": [],
      "user_permissions": []
    }
  },
  {
    "model": "authapp.user",
    "pk": 5,
    "fields": {
      "password": "pbkdf2_sha256$600000$XNkDg5cCiLGykpmmxUz1jO$IixjYz/i9SJYzY/FMCZmvI7torfWRNjVUtcF7bhwG9A=",
      "last_login": null,
      "is_superuser": false,
      "username": "sadman",
      "first_name": "sadman",
      "last_name": "dsfsdf",
      "email": "ANSDnb@hamsd.ru",
      "is_staff": false,
      "is_active": true,
      "date_joined": "2023-07-18T15:11:22.948Z",
      "avatar": "",
      "age": null,
      "activation_key": null,
      "activation_key_expires": "2023-09-29T18:47:03.354Z",
      "groups": [],
      "user_permissions": []
    }
  },
  {
    "model": "authapp.user",
    "pk": 7,
    "fields": {
      "password": "pbkdf2_sha256$600000$fqbnooVDKD8VlXJowE8wCk$JniVsRjFgntSHZYeH8f4a09jhrOuP7ibd5ggi7F2QcE=",
      "last_login": null,
      "is_superuser": false,
      "username": "jajaxsdasd",
      "first_name": "sdas",
      "last_name": "",
      "email": "sndnsnd@nam.ci",
      "is_staff": false,
      "is_active": true,
      "date_joined": "2023-07-18T15:14:17.655Z",
      "avatar": "",
      "age": null,
      "activation_key": null,
      "activation_key_expires": "2023-09-29T18:47:03.354Z",
      "groups": [],
      "user_permissions": []
    }
  },
  {
    "model": "authapp.user",
    "pk": 8,
    "fields": {
      "password": "pbkdf2_sha256$600000$Fozm9xXTE8shcOqOTc6XYW$ZIeCABUHje5WI6ESTj1ADgrGssixVxJGAYQxwVNmTl0=",
      "last_login": null,
      "is_superuser": false,
      "username": "jacob",
      "first_name": "Альберт",
      "last_name": "Акчурин",
      "email": "daun@gmail.com",
      "is_staff": false,
      "is_active": true,
      "date_joined": "2023-07-19T14:30:50.788Z",
      "avatar": "",
      "age": null,
      "activation_key": null,
      "activation_key_expires": "2023-09-29T18:47:03.354Z",
      "groups": [],
      "user_permissions": []
    }
  },
  {
    "model": "authapp.user",
    "pk": 11,
    "fields": {
      "password": "pbkdf2_sha256$600000$9RpbTeNnEnBnInN7JpmHTD$35AC3afxE66HS2JlCmArvL2x8x7TrG7UUYdE+Hx6IPY=",
      "last_login": null,
      "is_superuser": false,
      "username": "cnwv1",
      "first_name": "Богдан",
      "last_name": "Богомдан",
      "email": "cnwv@mail.com",
      "is_staff": false,
      "is_active": true,
      "date_joined": "2023-09-26T14:48:11.854Z",
      "avatar": "users_avatar/IMG_7169.jpeg",
      "age": null,
      "activation_key": null,
      "activation_key_expires": "2023-09-29T18:47:03.354Z",
      "groups": [],
      "user_permissions": []
    }
  },
  {
    "model": "authapp.user",
    "pk": 15,
    "fields": {
      "password": "pbkdf2_sha256$600000$1tP6mCGZafuDLWGXuOcE0e$JIwmP86aJtjQHV5OwdAex2Chs4m/eiYOU0RjA/SP2RQ=",
      "last_login": null,
      "is_superuser": false,
      "username": "ksakasksak",
      "first_name": "ndnsmndnmc",
      "last_name": "ndnsmndnmc",
      "email": "bbsba@babs.ru",
      "is_staff": false,
      "is_active": false,
      "date_joined": "2023-09-27T19:40:59.371Z",
      "avatar": "",
      "age": null,
      "activation_key": "c5c89e83559399cd025984942b6fe6a6775ccab4",
      "activation_key_expires": "2023-09-29T19:39:11.257Z",
      "groups": [],
      "user_permissions": []
    }
  },
  {
    "model": "authapp.user",
    "pk": 16,
    "fields": {
      "password": "pbkdf2_sha256$600000$w9r1o5cXPSOTIQ456gGEck$xyeBx5N6SM9RZYwv3diLiy62U+cLE6c4xp7AcSaFIn8=",
      "last_login": null,
      "is_superuser": false,
      "username": "sandsnans",
      "first_name": "sandsnans",
      "last_name": "sandsnans",
      "email": "sandsnans@nai.ru",
      "is_staff": false,
      "is_active": false,
      "date_joined": "2023-09-27T19:42:15.530Z",
      "avatar": "",
      "age": null,
      "activation_key": "7625b6537b636c1d1f3087fc7b3dcfb19624587f",
      "activation_key_expires": "2023-09-29T19:41:41.217Z",
      "groups": [],
      "user_permissions": []
    }
  },
  {
    "model": "authapp.user",
    "pk": 17,
    "fields": {
      "password": "pbkdf2_sha256$600000$fhvNsZuyh7DCLDs873lDIo$bEQQlyt0uj0uligBSkJcpnGInjUS0KO4TEde2CZ0egI=",
      "last_login": null,
      "is_superuser": false,
      "username": "snadnsnad",
      "first_name": "dsnsnndn",
      "last_name": "dsnsdnnsd",
      "email": "bdbd@edfm.ru",
      "is_staff": false,
      "is_active": false,
      "date_joined": "2023-09-27T19:44:08.118Z",
      "avatar": "",
      "age": null,
      "activation_key": "2fe026dcfda7f3cec4f4e2884362d4e4e62d3d66",
      "activation_key_expires": "2023-09-29T19:43:29.632Z",
      "groups": [],
      "user_permissions": []
    }
  },
  {
    "model": "authapp.user",
    "pk": 23,
    "fields": {
      "password": "pbkdf2_sha256$600000$yiaPN1uvX5w3Z0vBsXWyp2$U4eHitrRhWqkFhdHgXj2xUSqNj+cDpwcaRO9RRHE10o=",
      "last_login": "2023-09-27T20:16:30.350Z",
      "is_superuser": false,
      "username": "snasjdsak",
      "first_name": "sndnd",
      "last_name": "dsfsdfsd",
      "email": "bezrukov@bzint.ru",
      "is_staff": false,
      "is_active": true,
      "date_joined": "2023-09-27T20:00:24.935Z",
      "avatar": "",
      "age": null,
      "activation_key": null,
      "activation_key_expires": "2023-09-29T20:00:13.368Z",
      "groups": [],
      "user_permissions": []
    }
  },
  {
    "model": "authapp.user",
    "pk": 24,
    "fields": {
      "password": "pbkdf2_sha256$600000$l6vBirSJTDrp0NcvKVd48V$cT3qeOo0y+7expduqD4jNK96i5d3QoWQSyyrAsNO+UY=",
      "last_login": null,
      "is_superuser": false,
      "username": "bezonmax1233",
      "first_name": "bsabdbas",
      "last_name": "sdadasd",
      "email": "snsnsdsd@nasn.ru",
      "is_staff": false,
      "is_active": false,
      "date_joined": "2023-09-27T20:15:08.408Z",
      "avatar": "",
      "age": null,
      "activation_key": "a46949e776c99a39d8892089d82ef22b5464e61a",
      "activation_key_expires": "2023-09-29T20:13:56.314Z",
      "groups": [],
      "user_permissions": []
    }
  },
  {
    "model": "authapp.user",
    "pk": 25,
    "fields": {
      "password": "pbkdf2_sha256$600000$6tJLmD8lGXMfbtWMxL5JTw$xEgo+3++4iBc1wzMdnoge4oMRWESqYLOPeGqBo2iETg=",
      "last_login": null,
      "is_superuser": false,
      "username": "bezonmax12333",
      "first_name": "Nanan",
      "last_name": "Nanan",
      "email": "snsnsdsd@nasn.ru",
      "is_staff": false,
      "is_active": false,
      "date_joined": "2023-09-27T20:15:33.467Z",
      "avatar": "",
      "age": null,
      "activation_key": "a46949e776c99a39d8892089d82ef22b5464e61a",
      "activation_key_expires": "2023-09-29T20:13:56.314Z",
      "groups": [],
      "user_permissions": []
    }
  },
  {
    "model": "authapp.user",
    "pk": 26,
    "fields": {
      "password": "!fVH2SV3gJjxmApi9Kqymn9LNJqxjVHPuLwyMHScy",
      "last_login": "2023-10-03T20:32:48.868Z",
      "is_superuser": false,
      "username": "gashbush",
      "first_name": "Максим",
      "last_name": "Безруков",
      "email": "max6a@yandex.ru",
      "is_staff": false,
      "is_active": true,
      "date_joined": "2023-10-02T19:09:19.590Z",
      "avatar": "https://sun9-53.userapi.com/s/v1/if1/PLApu10NsoPdCJ2MATV97GssduQDeT0jBJBsxizY27fiwuhxP37Hr2yl9fufSfjnQW0UJE77.jpg?size=100x100&quality=96&crop=0,29,719,719&ava=1",
      "age": 25,
      "activation_key": null,
      "activation_key_expires": "2023-10-04T19:04:19.225Z",
      "groups": [],
      "user_permissions": []
    }
  },
  {
    "model": "authapp.shopuserprofile",
    "pk": 1,
    "fields": {
      "user": 1,
      "tagline": "",
      "aboutMe": "",
      "gender": ""
    }
  },
  {
    "model": "authapp.shopuserprofile",
    "pk": 2,
    "fields": {
      "user": 2,
      "tagline": "",
      "aboutMe": "",
      "gender": ""
    }
  },
  {
    "model": "authapp.shopuserprofile",
    "pk": 3,
    "fields": {
      "user": 4,
      "tagline": "",
      "aboutMe": "",
      "gender": ""
    }
  },
  {
    "model": "authapp.shopuserprofile",
    "pk": 4,
    "fields": {
      "user": 5,
      "tagline": "",
      "aboutMe": "",
      "gender": ""
    }
  },
  {
    "model": "authapp.shopuserprofile",
    "pk": 5,
    "fields": {
      "user": 7,
      "tagline": "",
      "aboutMe": "",
      "gender": ""
    }
  },
  {
    "model": "authapp.shopuserprofile",
    "pk": 6,
    "fields": {
      "user": 8,
      "tagline": "",
      "aboutMe": "",
      "gender": ""
    }
  },
  {
    "model": "authapp.shopuserprofile",
    "pk": 7,
    "fields": {
      "user": 11,
      "tagline": "",
      "aboutMe": "",
      "gender": ""
    }
  },
  {
    "model": "authapp.shopuserprofile",
    "pk": 8,
    "fields": {
      "user": 15,
      "tagline": "",
      "aboutMe": "",
      "gender": ""
    }
  },
  {
    "model": "authapp.shopuserprofile",
    "pk": 9,
    "fields": {
      "user": 16,
      "tagline": "",
      "aboutMe": "",
      "gender": ""
    }
  },
  {
    "model": "authapp.shopuserprofile",
    "pk": 10,
    "fields": {
      "user": 17,
      "tagline": "",
      "aboutMe": "",
      "gender": ""
    }
  },
  {
    "model": "authapp.shopuserprofile",
    "pk": 11,
    "fields": {
      "user": 23,
      "tagline": "",
      "aboutMe": "",
      "gender": ""
    }
  },
  {
    "model": "authapp.shopuserprofile",
    "pk": 12,
    "fields": {
      "user": 24,
      "tagline": "",
      "aboutMe": "",
      "gender": ""
    }
  },
  {
    "model": "authapp.shopuserprofile",
    "pk": 13,
    "fields": {
      "user": 25,
      "tagline": "",
      "aboutMe": "",
      "gender": ""
    }
  },
  {
    "model": "authapp.shopuserprofile",
    "pk": 14,
    "fields": {
      "user": 26,
      "tagline": "lnn,n,mn,m",
      "aboutMe": "",
      "gender": "M"
    }
  },
  {
    "model": "basket.basket",
    "pk": 8,
    "fields": {
      "user": 1,
      "product": 1,
      "quantity": 1,
      "created_timestamp": "2023-07-17T21:51:13.191Z"
    }
  },
  {
    "model": "basket.basket",
    "pk": 27,
    "fields": {
      "user": 2,
      "product": 2,
      "quantity": 1,
      "created_timestamp": "2023-10-15T14:04:56.838Z"
    }
  },
  {
    "model": "social_django.usersocialauth",
    "pk": 1,
    "fields": {
      "user": 26,
      "provider": "vk-oauth2",
      "uid": "123698225",
      "extra_data": {
        "auth_time": 1696365168,
        "id": 123698225,
        "expires": 86400,
        "access_token": "vk1.a.Re6f5gMus6AcCQ-sFDwQIwoGz-qiCJJSKQnaUNT_ZyMBYjXryG_m_okJ2gNDSx74brLVfS1LiR0A5N5hQo4xStbWFKm701t0kjbBrieLNPMZXbvO4fljnDgm4FWheNo421JQVEA_NuqQXKr_OPAnjPFQ_N5ocbmLFNqgHNlW5T5nJXGamlko20eOqHUFIsQJcuOmb9CtqyT8hImqJQorYw",
        "token_type": null
      },
      "created": "2023-10-02T19:09:19.594Z",
      "modified": "2023-10-03T20:32:48.859Z"
    }
  },
  {
    "model": "ordersapp.order",
    "pk": 1,
    "fields": {
      "user": 2,
      "created": "2023-10-13T21:21:29.074Z",
      "updated": "2023-10-13T21:55:17.236Z",
      "status": "FM",
      "is_active": false
    }
  },
  {
    "model": "ordersapp.order",
    "pk": 2,
    "fields": {
      "user": 2,
      "created": "2023-10-13T21:21:32.312Z",
      "updated": "2023-10-13T21:21:32.322Z",
      "status": "FM",
      "is_active": false
    }
  },
  {
    "model": "ordersapp.order",
    "pk": 3,
    "fields": {
      "user": 2,
      "created": "2023-10-13T21:22:26.707Z",
      "updated": "2023-10-13T21:55:12.265Z",
      "status": "FM",
      "is_active": false
    }
  },
  {
    "model": "ordersapp.order",
    "pk": 4,
    "fields": {
      "user": 2,
      "created": "2023-10-13T21:35:36.382Z",
      "updated": "2023-10-13T22:13:59.614Z",
      "status": "FM",
      "is_active": false
    }
  },
  {
    "model": "ordersapp.order",
    "pk": 5,
    "fields": {
      "user": 2,
      "created": "2023-10-13T21:41:26.580Z",
      "updated": "2023-10-13T21:41:26.598Z",
      "status": "FM",
      "is_active": false
    }
  },
  {
    "model": "ordersapp.order",
    "pk": 6,
    "fields": {
      "user": 2,
      "created": "2023-10-13T21:41:36.824Z",
      "updated": "2023-10-13T21:41:36.834Z",
      "status": "FM",
      "is_active": false
    }
  },
  {
    "model": "ordersapp.order",
    "pk": 7,
    "fields": {
      "user": 2,
      "created": "2023-10-13T21:41:52.336Z",
      "updated": "2023-10-13T22:13:56.279Z",
      "status": "FM",
      "is_active": false
    }
  },
  {
    "model": "ordersapp.order",
    "pk": 8,
    "fields": {
      "user": 2,
      "created": "2023-10-13T21:56:48.840Z",
      "updated": "2023-10-13T22:13:58.033Z",
      "status": "FM",
      "is_active": false
    }
  },
  {
    "model": "ordersapp.order",
    "pk": 9,
    "fields": {
      "user": 2,
      "created": "2023-10-13T22:14:41.693Z",
      "updated": "2023-10-14T15:50:08.182Z",
      "status": "FM",
      "is_active": false
    }
  },
  {
    "model": "ordersapp.order",
    "pk": 10,
    "fields": {
      "user": 2,
      "created": "2023-10-13T22:15:03.977Z",
      "updated": "2023-10-14T14:42:47.809Z",
      "status": "FM",
      "is_active": false
    }
  },
  {
    "model": "ordersapp.order",
    "pk": 11,
    "fields": {
      "user": 2,
      "created": "2023-10-15T13:41:14.949Z",
      "updated": "2023-10-15T13:41:14.958Z",
      "status": "FM",
      "is_active": false
    }
  },
  {
    "model": "ordersapp.order",
    "pk": 12,
    "fields": {
      "user": 2,
      "created": "2023-10-15T13:41:21.642Z",
      "updated": "2023-10-15T13:41:53.442Z",
      "status": "FM",
      "is_active": false
    }
  },
  {
    "model": "ordersapp.order",
    "pk": 13,
    "fields": {
      "user": 2,
      "created": "2023-10-15T14:02:21.376Z",
      "updated": "2023-10-15T14:04:24.734Z",
      "status": "FM",
      "is_active": true
    }
  },
  {
    "model": "ordersapp.orderitem",
    "pk": 1,
    "fields": {
      "order": 1,
      "product": 2,
      "quantity": 1
    }
  },
  {
    "model": "ordersapp.orderitem",
    "pk": 2,
    "fields": {
      "order": 3,
      "product": 4,
      "quantity": 1
    }
  },
  {
    "model": "ordersapp.orderitem",
    "pk": 4,
    "fields": {
      "order": 4,
      "product": 5,
      "quantity": 1
    }
  },
  {
    "model": "ordersapp.orderitem",
    "pk": 5,
    "fields": {
      "order": 4,
      "product": 1,
      "quantity": 1
    }
  },
  {
    "model": "ordersapp.orderitem",
    "pk": 6,
    "fields": {
      "order": 7,
      "product": 5,
      "quantity": 3
    }
  },
  {
    "model": "ordersapp.orderitem",
    "pk": 7,
    "fields": {
      "order": 8,
      "product": 1,
      "quantity": 2
    }
  },
  {
    "model": "ordersapp.orderitem",
    "pk": 8,
    "fields": {
      "order": 8,
      "product": 2,
      "quantity": 3
    }
  },
  {
    "model": "ordersapp.orderitem",
    "pk": 10,
    "fields": {
      "order": 10,
      "product": 6,
      "quantity": 0
    }
  },
  {
    "model": "ordersapp.orderitem",
    "pk": 11,
    "fields": {
      "order": 12,
      "product": 4,
      "quantity": 3
    }
  },
  {
    "model": "ordersapp.orderitem",
    "pk": 12,
    "fields": {
      "order": 13,
      "product": 4,
      "quantity": 2
    }
  }
]